UserID,Timestamp,EventType,DocumentName,DocumentType,Source,Keywords,People,Sender,Receiver,StartTime,EndTime,Origin,Destination,ReasoningText,ReasoningSelect,InnocentOrGuilty,Suspect
1805570777,1599765778997.0,search,,Any,Any,,,,,1588568400,1588971600,Any,Any,I want to see all of the documents. Maybe I can look through them manually. ,Just exploring the data,N/A,N/A
1805570777,1599765799656.0,read,police_report.pdf,Information,Web,crime report police roadeez summary insider attack michelle ivan daryl xin anna,Michelle Daryl Xin Ivan Anna,,,1588564800,,,,N/A,N/A,N/A,N/A
1805570777,1599765823694.0,save,police_report.pdf,Any,Any,,,,,,,,,Contains information on the crime. ,I'm saving this search to come back to later.,N/A,N/A
1805570777,1599765830887.9998,read,police_report.pdf,Information,Web,crime report police roadeez summary insider attack michelle ivan daryl xin anna,Michelle Daryl Xin Ivan Anna,,,1588564800,,,,N/A,N/A,N/A,N/A
1805570777,1599765877472.0,search,,Any,Any,roadnav.exe,,,,1588568400,1588971600,Any,Any,"Roadnav.exe was stolen, so let's see who was using it. ",Just exploring the data,N/A,N/A
1805570777,1599765880849.0,read,daryl_interview.pdf,Information,Web,daryl interview RoadNav.exe Road Nav police lead developer software server police Roadeez updates,Daryl,,,1588564800,,,,N/A,N/A,N/A,N/A
-2110079241,1599765881580.9998,search,,Any,Any,roadnav.exe,,,,1588568400,1588971600,Any,Any,Check information about roadnav.exe,Just exploring the data,N/A,N/A
-2110079241,1599765888790.0,read,daryl_interview.pdf,Information,Web,daryl interview RoadNav.exe Road Nav police lead developer software server police Roadeez updates,Daryl,,,1588564800,,,,N/A,N/A,N/A,N/A
1805570777,1599765919184.0002,save,daryl_interview.pdf,Any,Any,,,,,,,,,Daryl and Xin can update the software. Daryl suspects Xin. ,I'm saving this search to come back to later.,N/A,N/A
1805570777,1599765927699.0,read,xin_interview.pdf,Information,Web,xin interview RoadNav.exe Road Nav police developer intern software server Roadeez intern software,Xin,,,1588564800,,,,N/A,N/A,N/A,N/A
-2110079241,1599765940743.0,save,daryl_interview.pdf,Any,Any,,,,,,,,,Daryl suspect Xin,I'm saving this search to come back to later.,N/A,N/A
1805570777,1599765944201.0,read,server_log_0004.log,Network Log,From Roadeez Software Server,downloaded RoadNav.exe michelle road nav exe,Michelle,,,1588610520,,"{'lat': 42.375345, 'lon': -71.146649, 'city': 'Boston', 'Country': 'USA', 'server': 'Roadeez Software Server'}","{'lat': 42.375345, 'lon': -71.146649, 'city': 'Boston', 'Country': 'USA', 'server': 'Michelle’s Computer'}",N/A,N/A,N/A,N/A
-2110079241,1599765958726.0,read,server_log_0003.log,Network Log,From Roadeez Software Server,downloaded RoadNav.exe road nav xin exe,Xin,,,1588593600,,"{'lat': 42.375345, 'lon': -71.146649, 'city': 'Boston', 'Country': 'USA', 'server': 'Roadeez Software Server'}","{'lat': 42.375345, 'lon': -71.146649, 'city': 'Boston', 'Country': 'USA', 'server': ""Xin's Computer""}",N/A,N/A,N/A,N/A
-2110079241,1599765961853.0,read,server_log_0003.log,Network Log,From Roadeez Software Server,downloaded RoadNav.exe road nav xin exe,Xin,,,1588593600,,"{'lat': 42.375345, 'lon': -71.146649, 'city': 'Boston', 'Country': 'USA', 'server': 'Roadeez Software Server'}","{'lat': 42.375345, 'lon': -71.146649, 'city': 'Boston', 'Country': 'USA', 'server': ""Xin's Computer""}",N/A,N/A,N/A,N/A
1805570777,1599765968857.0,save,server_log_0004.log,Any,Any,,,,,,,,,"Michelle downloaded RoadNav.exe, is this normal? ",I'm saving this search to come back to later.,N/A,N/A
-2110079241,1599765977658.0,save,server_log_0003.log,Any,Any,,,,,,,,,Xin downloaded on May4th,I'm saving this search to come back to later.,N/A,N/A
-2110079241,1599765992585.0,read,server_log_0015.log,Network Log,From Roadeez Software Server,uploaded RoadNav.exe road nav roadnav.exe exe daryl,Daryl,,,1588811160,,"{'lat': 37.78401, 'lon': -122.400711, 'city': 'San Francisco', 'Country': 'USA', 'server': ""Daryl's Laptop""}","{'lat': 42.375345, 'lon': -71.146649, 'city': 'Boston', 'Country': 'USA', 'server': 'Roadeez Software Server'}",N/A,N/A,N/A,N/A
-2110079241,1599766007895.0,read,server_log_0010.log,Network Log,From Roadeez Software Server,downloaded RoadNav.exe road nav exe,Daryl,,,1588676400,,"{'lat': 42.375345, 'lon': -71.146649, 'city': 'Boston', 'Country': 'USA', 'server': 'Roadeez Software Server'}","{'lat': 42.375345, 'lon': -71.146649, 'city': 'Boston', 'Country': 'USA', 'server': ""Daryl's Computer""}",N/A,N/A,N/A,N/A
1805570777,1599766015332.0,search,,Information,Any,Michelle,,,,1588568400,1588971600,Any,Any,I want Michelle's police interview. Does she often download the software? ,Looking for a specific document or specific information,N/A,N/A
311605230,1599766017778.0,read,calendar_67600,Calendar Entry,Anna's Computer,Michelle out sick,Michelle,,,1588680000,,"{'lat': 42.375345, 'lon': -71.146649, 'city': 'Boston', 'Country': 'USA'}","{'lat': 42.375345, 'lon': -71.146649, 'city': 'Boston', 'Country': 'USA'}",N/A,N/A,N/A,N/A
1805570777,1599766018962.9998,read,michelle_interview.pdf,Information,Web,michelle interview ceo venture capital police master e-mail server,Michelle,,,1588564800,,,,N/A,N/A,N/A,N/A
311605230,1599766030550.0,read,calendar_67601,Calendar Entry,Anna's Computer,Daryl trade show RoadBlock Road Bloc attending San Francisco Tuesday Thursday,Daryl,,,1588680000,,"{'lat': 42.375345, 'lon': -71.146649, 'city': 'Boston', 'Country': 'USA'}","{'lat': 37.78401, 'lon': -122.400711, 'city': 'San Francisco', 'Country': 'USA'}",N/A,N/A,N/A,N/A
-2110079241,1599766033081.0,read,server_log_0005.log,Network Log,From Roadeez Software Server,uploaded RoadNav.exe road nav exe xin,Xin,,,1588626000,,"{'lat': 42.375345, 'lon': -71.146649, 'city': 'Boston', 'Country': 'USA', 'server': ""Xin's Computer""}","{'lat': 42.375345, 'lon': -71.146649, 'city': 'Boston', 'Country': 'USA', 'server': 'Roadeez Software Server'}",N/A,N/A,N/A,N/A
311605230,1599766041944.0,read,calendar_67602,Calendar Entry,Anna's Computer,Xin trade show RoadBlock Road Bloc attending San Francisco Tuesday Thursday,Xin,,,1588680000,,"{'lat': 42.375345, 'lon': -71.146649, 'city': 'Boston', 'Country': 'USA'}","{'lat': 37.78401, 'lon': -122.400711, 'city': 'San Francisco', 'Country': 'USA'}",N/A,N/A,N/A,N/A
-2110079241,1599766043479.0,read,server_log_0005.log,Network Log,From Roadeez Software Server,uploaded RoadNav.exe road nav exe xin,Xin,,,1588626000,,"{'lat': 42.375345, 'lon': -71.146649, 'city': 'Boston', 'Country': 'USA', 'server': ""Xin's Computer""}","{'lat': 42.375345, 'lon': -71.146649, 'city': 'Boston', 'Country': 'USA', 'server': 'Roadeez Software Server'}",N/A,N/A,N/A,N/A
311605230,1599766045584.0,read,calendar_89006,Calendar Entry,Anna's Computer,Daryl california pizza Karikampani launch product party,Daryl,,,1588813200,,"{'lat': 37.7863215, 'lon': -122.402286, 'city': 'San Francisco', 'Country': 'USA'}","{'lat': 37.7863215, 'lon': -122.402286, 'city': 'San Francisco', 'Country': 'USA'}",N/A,N/A,N/A,N/A
-2110079241,1599766058620.9998,save,server_log_0005.log,Any,Any,,,,,,,,,Xin uploaded the software too,Rejects my hypothesis,N/A,N/A
-2110079241,1599766062408.0,read,xin_interview.pdf,Information,Web,xin interview RoadNav.exe Road Nav police developer intern software server Roadeez intern software,Xin,,,1588564800,,,,N/A,N/A,N/A,N/A
1805570777,1599766063404.0,save,michelle_interview.pdf,Any,Any,,,,,,,,,Michelle doesn't really have a reason to download the software. Definitely suspicious. ,Confirms my hypothesis,N/A,N/A
311605230,1599766063829.0,read,calendar_88000,Calendar Entry,Anna's Computer,Daryl Xin standup scrum software meeting,Daryl Xin,,,1588597200,,"{'lat': 42.375345, 'lon': -71.146649, 'city': 'Boston', 'Country': 'USA'}","{'lat': 42.375345, 'lon': -71.146649, 'city': 'Boston', 'Country': 'USA'}",N/A,N/A,N/A,N/A
1805570777,1599766067511.0002,assign,michelle_interview.pdf,Any,Any,,,,,,,,,Michelle doesn't really have a reason to download the software. Definitely suspicious. ,Confirms my hypothesis,Guilty,Michelle
1805570777,1599766069315.9998,assign,michelle_interview.pdf,Any,Any,,,,,,,,,Michelle doesn't really have a reason to download the software. Definitely suspicious. ,Confirms my hypothesis,Guilty,Michelle
1805570777,1599766073039.0,assign,server_log_0004.log,Any,Any,,,,,,,,,"Michelle downloaded RoadNav.exe, is this normal? ",I'm saving this search to come back to later.,Guilty,Michelle
311605230,1599766087300.0,read,email_039,Email,Ivan's Computer,prince nigeria bank recently deposed desparately help moving riches international bank rewarded assistance ivan,Ivan,Bakare,Ivan,1588944720,,"{'lat': 9.051477, 'lon': 7.897507, 'city': 'Gitata', 'Country': 'Nigeria'}","{'lat': 42.375345, 'lon': -71.146649, 'city': 'Boston', 'Country': 'USA'}",N/A,N/A,N/A,N/A
311605230,1599766092463.0,read,email_040,Email,Xin's Computer,download demo Photostore pueblo free xin,Xin,PuebloSoft,Xin,1588954680,,"{'lat': 35.074334, 'lon': -106.643595, 'city': 'Albuquerque', 'Country': 'USA'}","{'lat': 42.375345, 'lon': -71.146649, 'city': 'Boston', 'Country': 'USA'}",N/A,N/A,N/A,N/A
-2110079241,1599766096150.0,save,xin_interview.pdf,Any,Any,,,,,,,,,Xin might fix bugs sometimes,I'm saving this search to come back to later.,N/A,N/A
311605230,1599766097202.0,read,email_041,Email,From Roadeez Email Server,Friday peace bliss love share missing week worthy momement sade everyone,Anna Ivan Daryl Xin Michelle,Anna,Ivan,1588971600,,"{'lat': 42.375345, 'lon': -71.146649, 'city': 'Boston', 'Country': 'USA'}","{'lat': 42.375345, 'lon': -71.146649, 'city': 'Boston', 'Country': 'USA'}",N/A,N/A,N/A,N/A
311605230,1599766103095.0,read,email_041,Email,From Roadeez Email Server,Friday peace bliss love share missing week worthy momement sade everyone,Anna Ivan Daryl Xin Michelle,Anna,Michelle,1588971600,,"{'lat': 42.375345, 'lon': -71.146649, 'city': 'Boston', 'Country': 'USA'}","{'lat': 42.375345, 'lon': -71.146649, 'city': 'Boston', 'Country': 'USA'}",N/A,N/A,N/A,N/A
311605230,1599766104490.0,read,email_041,Email,From Roadeez Email Server,Friday peace bliss love share missing week worthy momement sade everyone,Anna Ivan Daryl Xin Michelle,Anna,Daryl,1588971600,,"{'lat': 42.375345, 'lon': -71.146649, 'city': 'Boston', 'Country': 'USA'}","{'lat': 42.375345, 'lon': -71.146649, 'city': 'Boston', 'Country': 'USA'}",N/A,N/A,N/A,N/A
311605230,1599766108592.0,read,email_041,Email,From Roadeez Email Server,Friday peace bliss love share missing week worthy momement sade everyone,Anna Ivan Daryl Xin Michelle,Anna,Xin,1588971600,,"{'lat': 42.375345, 'lon': -71.146649, 'city': 'Boston', 'Country': 'USA'}","{'lat': 42.375345, 'lon': -71.146649, 'city': 'Boston', 'Country': 'USA'}",N/A,N/A,N/A,N/A
1805570777,1599766110327.0,discover,,Any,Any,Michelle,,,,,,Any,Any,What kind of person is Michelle. ,Just exploring the data,N/A,N/A
311605230,1599766113324.9998,read,email_041,Email,Anna's Computer,Friday peace bliss love share missing week worthy momement sade everyone,Anna Ivan Daryl Xin Michelle,Anna,Xin,1588971600,,"{'lat': 42.375345, 'lon': -71.146649, 'city': 'Boston', 'Country': 'USA'}","{'lat': 42.375345, 'lon': -71.146649, 'city': 'Boston', 'Country': 'USA'}",N/A,N/A,N/A,N/A
1805570777,1599766114742.0002,read,roadeez_info.html,Information,Web,roadeez Michelle Daryl CARGO Boston Tech Watch car self driving stanford venture capital karikampani tilapia san francisco,Michelle Anna Darly Xin Ivan,,,1588564800,,,,N/A,N/A,N/A,N/A
311605230,1599766117657.0,read,email_038,Email,Ivan's Computer,trade show debriefing meeting cool ideas software better everyone person,Daryl Ivan Michelle Xin Anna,Daryl,Ivan,1588896000,,"{'lat': 37.78401, 'lon': -122.400711, 'city': 'San Francisco', 'Country': 'USA'}","{'lat': 42.375345, 'lon': -71.146649, 'city': 'Boston', 'Country': 'USA'}",N/A,N/A,N/A,N/A
1805570777,1599766120247.0,read,michelle_info.html,Information,Web,michelle,Michelle,,,1588564800,,,,N/A,N/A,N/A,N/A
311605230,1599766130338.0,read,email_037,Email,Anna's Computer,phone number pics love you anna,Anna,Admirer,Anna,1588887120,,"{'lat': 42.328607, 'lon': -71.056116, 'city': 'Boston', 'Country': 'USA'}","{'lat': 42.375345, 'lon': -71.146649, 'city': 'Boston', 'Country': 'USA'}",N/A,N/A,N/A,N/A
311605230,1599766135620.0,read,email_031,Email,Xin's Computer,checking in sorry written while trade show wild san francisco beautiful there work xin zhao,Zhao Xin,Xin,Zhao,1588856700,,"{'lat': 42.375345, 'lon': -71.146649, 'city': 'Boston', 'Country': 'USA'}","{'lat': -0.1757809742, 'lon': -160.224609375, 'city': 'Kari', 'Country': 'Tilapia'}",N/A,N/A,N/A,N/A
-2110079241,1599766156883.0,discover,,Any,Any,roadnav.exe,,,,,,Any,Any,search more information on roadnav.exe,Just exploring the data,N/A,N/A
311605230,1599766160417.0,read,email_026,Email,Anna's Computer,sick get well soon awful sounds michelle anna,Michelle Anna,Anna,Michelle,1588680300,,"{'lat': 42.377072, 'lon': -71.144473, 'city': 'Boston', 'Country': 'USA'}","{'lat': 42.375345, 'lon': -71.146649, 'city': 'Boston', 'Country': 'USA'}",N/A,N/A,N/A,N/A
311605230,1599766163306.0,read,email_026,Email,From Roadeez Email Server,sick get well soon awful sounds michelle anna,Michelle Anna,Anna,Michelle,1588680300,,"{'lat': 42.377072, 'lon': -71.144473, 'city': 'Boston', 'Country': 'USA'}","{'lat': 42.375345, 'lon': -71.146649, 'city': 'Boston', 'Country': 'USA'}",N/A,N/A,N/A,N/A
311605230,1599766166025.9998,read,email_026,Email,Anna's Computer,sick get well soon awful sounds michelle anna,Michelle Anna,Anna,Michelle,1588680300,,"{'lat': 42.377072, 'lon': -71.144473, 'city': 'Boston', 'Country': 'USA'}","{'lat': 42.375345, 'lon': -71.146649, 'city': 'Boston', 'Country': 'USA'}",N/A,N/A,N/A,N/A
311605230,1599766173550.0,read,email_026,Email,From Roadeez Email Server,sick get well soon awful sounds michelle anna,Michelle Anna,Anna,Michelle,1588680300,,"{'lat': 42.377072, 'lon': -71.144473, 'city': 'Boston', 'Country': 'USA'}","{'lat': 42.375345, 'lon': -71.146649, 'city': 'Boston', 'Country': 'USA'}",N/A,N/A,N/A,N/A
311605230,1599766175816.9998,read,email_025,Email,Anna's Computer,sick woke up bad cold into office feels bad doubt friday michelle anna,Michelle Anna,Michelle,Anna,1588680000,,"{'lat': 42.377072, 'lon': -71.144473, 'city': 'Boston', 'Country': 'USA'}","{'lat': 42.375345, 'lon': -71.146649, 'city': 'Boston', 'Country': 'USA'}",N/A,N/A,N/A,N/A
311605230,1599766180378.0,read,email_025,Email,From Roadeez Email Server,sick woke up bad cold into office feels bad doubt friday michelle anna,Michelle Anna,Michelle,Anna,1588680000,,"{'lat': 42.377072, 'lon': -71.144473, 'city': 'Boston', 'Country': 'USA'}","{'lat': 42.375345, 'lon': -71.146649, 'city': 'Boston', 'Country': 'USA'}",N/A,N/A,N/A,N/A
311605230,1599766183008.0,read,calendar_88001,Calendar Entry,Anna's Computer,Daryl Xin standup scrum software meeting,Daryl Xin,,,1588683600,,"{'lat': 42.375345, 'lon': -71.146649, 'city': 'Boston', 'Country': 'USA'}","{'lat': 42.375345, 'lon': -71.146649, 'city': 'Boston', 'Country': 'USA'}",N/A,N/A,N/A,N/A
1805570777,1599766191116.0,search,,Network Log,Any,Michelle,,,,1588568400,1588971600,Any,Any,Michelle downloaded the software at least once. Did she do that multiple times? ,Looking for a specific document or specific information,N/A,N/A
311605230,1599766192470.0,read,email_039,Email,Daryl's Computer,please is not virus daryl,Daryl,Sergei,Daryl,1588678680,,"{'lat': 59.993042, 'lon': 29.770728, 'city': 'St. Petersburg', 'Country': 'Russia'}","{'lat': 42.375345, 'lon': -71.146649, 'city': 'Boston', 'Country': 'USA'}",N/A,N/A,N/A,N/A
-2110079241,1599766192932.0,discover,,Any,Roadeez Software Server,roadnav.exe,,,,,,Any,Any,check on the software server what the software it is,Just exploring the data,N/A,N/A
1805570777,1599766221021.0,search,,Email,Any,Michelle,,,,1588568400,1588971600,Any,Any,Let's see who Michelle has been talking to. ,Looking for a specific document or specific information,N/A,N/A
-2110079241,1599766223896.9998,search,,Information,Any,,,,,1588568400,1588971600,Any,Any,check information avaliable,Just exploring the data,N/A,N/A
-2110079241,1599766227753.0,read,police_report.pdf,Information,Web,crime report police roadeez summary insider attack michelle ivan daryl xin anna,Michelle Daryl Xin Ivan Anna,,,1588564800,,,,N/A,N/A,N/A,N/A
1805570777,1599766228703.0,read,email_003,Email,Michelle's Computer,prince nigeria bank recently deposed desparately help moving riches international bank rewarded assistance michelle,Michelle,Bakare,Michelle,1588578360,,"{'lat': 9.051477, 'lon': 7.897507, 'city': 'Gitata', 'Country': 'Nigeria'}","{'lat': 42.375345, 'lon': -71.146649, 'city': 'Boston', 'Country': 'USA'}",N/A,N/A,N/A,N/A
311605230,1599766244974.0,read,email_014,Email,From Daryl's Computer,book flight confirmation calendar soon office daryl anna xin,Daryl Anna,Anna,Daryl,1588603500,,"{'lat': 42.377072, 'lon': -71.144473, 'city': 'Boston', 'Country': 'USA'}","{'lat': 42.375345, 'lon': -71.146649, 'city': 'Boston', 'Country': 'USA'}",N/A,N/A,N/A,N/A
1805570777,1599766245089.0,read,email_025,Email,From Roadeez Email Server,sick woke up bad cold into office feels bad doubt friday michelle anna,Michelle Anna,Michelle,Anna,1588680000,,"{'lat': 42.377072, 'lon': -71.144473, 'city': 'Boston', 'Country': 'USA'}","{'lat': 42.375345, 'lon': -71.146649, 'city': 'Boston', 'Country': 'USA'}",N/A,N/A,N/A,N/A
-2110079241,1599766246375.9998,read,michelle_interview.pdf,Information,Web,michelle interview ceo venture capital police master e-mail server,Michelle,,,1588564800,,,,N/A,N/A,N/A,N/A
311605230,1599766250000.0,read,calendar_88000,Calendar Entry,Anna's Computer,Daryl Xin standup scrum software meeting,Daryl Xin,,,1588597200,,"{'lat': 42.375345, 'lon': -71.146649, 'city': 'Boston', 'Country': 'USA'}","{'lat': 42.375345, 'lon': -71.146649, 'city': 'Boston', 'Country': 'USA'}",N/A,N/A,N/A,N/A
-2110079241,1599766274988.0,save,michelle_interview.pdf,Any,Any,,,,,,,,,the email server has a lot of emails ,I'm saving this search to come back to later.,N/A,N/A
1805570777,1599766280623.0,read,email_025,Email,From Roadeez Email Server,sick woke up bad cold into office feels bad doubt friday michelle anna,Michelle Anna,Michelle,Anna,1588680000,,"{'lat': 42.377072, 'lon': -71.144473, 'city': 'Boston', 'Country': 'USA'}","{'lat': 42.375345, 'lon': -71.146649, 'city': 'Boston', 'Country': 'USA'}",N/A,N/A,N/A,N/A
-2110079241,1599766298017.9998,discover,,Any,Roadeez Email Server,roadnav.exe,,,,,,Any,Any,check anything talked about the software,Just exploring the data,N/A,N/A
311605230,1599766308732.0,search,,Any,Any,stolen,,,,1588568400,1588971600,Any,Any,looking to see if anyone said anything about stolen stuff,Just exploring the data,N/A,N/A
1805570777,1599766309224.0,save,email_025,Any,Any,,,,,,,,,Michelle is out sick from Tuesday until Friday. ,I'm saving this search to come back to later.,N/A,N/A
-2110079241,1599766332487.0,discover,,Any,Roadeez Email Server,exe,,,,,,Any,Any,change another keyword to search software,Just exploring the data,N/A,N/A
1805570777,1599766335065.0,search,,Email,Any,,,,Michelle,1588568400,1588971600,Any,Any,Let's see what emails Michelle has received. ,Refining or repeating a previous query,N/A,N/A
311605230,1599766339146.0,search,,Any,Any,,xin,,,1588568400,1588971600,Any,Any,"maybe xin is suspicious
",Just exploring the data,N/A,N/A
311605230,1599766342293.0,read,xin_interview.pdf,Information,Web,xin interview RoadNav.exe Road Nav police developer intern software server Roadeez intern software,Xin,,,1588564800,,,,N/A,N/A,N/A,N/A
311605230,1599766355455.0,read,police_report.pdf,Information,Web,crime report police roadeez summary insider attack michelle ivan daryl xin anna,Michelle Daryl Xin Ivan Anna,,,1588564800,,,,N/A,N/A,N/A,N/A
1805570777,1599766389687.0,search,,Email,Any,,,Michelle,,1588568400,1588971600,Any,Any,What emails has Michelle sent. ,Refining or repeating a previous query,N/A,N/A
1805570777,1599766397843.0,read,email_005,Email,From Roadeez Email Server,quarterly report little under projectiosn confident catch up tighten belts make ends work everyone,Michelle Daryl Ivan Anna Xin,Michelle,Daryl,1588586400,,"{'lat': 42.375345, 'lon': -71.146649, 'city': 'Boston', 'Country': 'USA'}","{'lat': 42.375345, 'lon': -71.146649, 'city': 'Boston', 'Country': 'USA'}",N/A,N/A,N/A,N/A
-2110079241,1599766403808.0,discover,,Any,Roadeez Email Server,road,,,,,,Any,Any,use another keyword on searching the software,Just exploring the data,N/A,N/A
1805570777,1599766417269.0,assign,email_025,Any,Any,,,,,,,,,Michelle is out sick from Tuesday until Friday. ,I'm saving this search to come back to later.,N/A,None
-2110079241,1599766417280.0,read,email_006,Email,From Roadeez Email Server,job roadeez cargo rumors money venture capital afloat bankrupt jobs resume james michelle,Michelle James,Michelle,James,1588593600,,"{'lat': 42.375345, 'lon': -71.146649, 'city': 'Boston', 'Country': 'USA'}","{'lat': 37.775547, 'lon': -122.417721, 'city': 'San Francisco', 'Country': 'USA'}",N/A,N/A,N/A,N/A
1805570777,1599766420874.0,read,email_025,Email,Anna's Computer,sick woke up bad cold into office feels bad doubt friday michelle anna,Michelle Anna,Michelle,Anna,1588680000,,"{'lat': 42.377072, 'lon': -71.144473, 'city': 'Boston', 'Country': 'USA'}","{'lat': 42.375345, 'lon': -71.146649, 'city': 'Boston', 'Country': 'USA'}",N/A,N/A,N/A,N/A
311605230,1599766436148.9998,search,,Any,Any,roadnav.exe,xin,,,1588568400,1588971600,Any,Any,looking to see if xin downloaded the program at some suspicious time,Looking for a specific document or specific information,N/A,N/A
-1105628286,1599766441146.0,search,,Any,Any,police,,,,1588568400,1588971600,Any,Any,I want to read the police report.,Just exploring the data,N/A,N/A
-2110079241,1599766444604.0,save,email_006,Any,Any,,,,,,,,,"Michelle is finding a job, which is weird for a ceo",I'm saving this search to come back to later.,N/A,N/A
-1105628286,1599766447200.0,read,police_report.pdf,Information,Web,crime report police roadeez summary insider attack michelle ivan daryl xin anna,Michelle Daryl Xin Ivan Anna,,,1588564800,,,,N/A,N/A,N/A,N/A
-2110079241,1599766449964.0,read,email_017,Email,From Roadeez Email Server,re job roadeez cargo algorithm sorry management qualified incredible proprietary guarantee interview james michelle,Michelle James,James,Michelle,1588609020,,"{'lat': 37.775547, 'lon': -122.417721, 'city': 'San Francisco', 'Country': 'USA'}","{'lat': 42.375345, 'lon': -71.146649, 'city': 'Boston', 'Country': 'USA'}",N/A,N/A,N/A,N/A
1805570777,1599766463333.9998,search,,Email,Any,,,Michelle,,1588654800,1588971600,Any,Any,Michelle was out sick from Tuesday until Friday. Was she sending emails during that time? ,Looking for a specific document or specific information,N/A,N/A
311605230,1599766468496.0,search,,Any,Any,roadnav.exe,,,,1588568400,1588971600,Any,Any,looking to see if anyone downloaded the software at some suspicious time,Looking for a specific document or specific information,N/A,N/A
1805570777,1599766472984.9998,read,email_031,Email,From Roadeez Email Server,time sheets due reminder signed today upload software server back into office everyone,Michelle Ivan Daryl Xin Anna,Michelle,Ivan,1588772760,,"{'lat': 37.775547, 'lon': -122.417721, 'city': 'San Francisco', 'Country': 'USA'}","{'lat': 42.375345, 'lon': -71.146649, 'city': 'Boston', 'Country': 'USA'}",N/A,N/A,N/A,N/A
311605230,1599766478428.0002,read,server_log_0001.log,Network Log,From Roadeez Software Server,downloaded RoadNav.exe daryl road nav exe,Daryl,,,1588568400,,"{'lat': 42.375345, 'lon': -71.146649, 'city': 'Boston', 'Country': 'USA', 'server': 'Roadeez Software Server'}","{'lat': 42.375345, 'lon': -71.146649, 'city': 'Boston', 'Country': 'USA', 'server': ""Daryl's Computer""}",N/A,N/A,N/A,N/A
-1105628286,1599766479298.9998,save,police_report.pdf,Any,Any,,,,,,,,,Police report is a helpful document.,I'm saving this search to come back to later.,N/A,N/A
311605230,1599766482264.0,read,server_log_0002.log,Network Log,From Roadeez Software Server,uploaded RoadNav.exe daryl road nav exe,Daryl,,,1588579200,,"{'lat': 42.375345, 'lon': -71.146649, 'city': 'Boston', 'Country': 'USA', 'server': ""Daryl's Computer""}","{'lat': 42.375345, 'lon': -71.146649, 'city': 'Boston', 'Country': 'USA', 'server': 'Roadeez Software Server'}",N/A,N/A,N/A,N/A
-2110079241,1599766486611.0,save,email_017,Any,Any,,,,,,,,,James asked Michelle to do the crime,Confirms my hypothesis,N/A,N/A
311605230,1599766491210.0,read,server_log_0003.log,Network Log,From Roadeez Software Server,downloaded RoadNav.exe road nav xin exe,Xin,,,1588593600,,"{'lat': 42.375345, 'lon': -71.146649, 'city': 'Boston', 'Country': 'USA', 'server': 'Roadeez Software Server'}","{'lat': 42.375345, 'lon': -71.146649, 'city': 'Boston', 'Country': 'USA', 'server': ""Xin's Computer""}",N/A,N/A,N/A,N/A
311605230,1599766495433.9998,read,server_log_0004.log,Network Log,From Roadeez Software Server,downloaded RoadNav.exe michelle road nav exe,Michelle,,,1588610520,,"{'lat': 42.375345, 'lon': -71.146649, 'city': 'Boston', 'Country': 'USA', 'server': 'Roadeez Software Server'}","{'lat': 42.375345, 'lon': -71.146649, 'city': 'Boston', 'Country': 'USA', 'server': 'Michelle’s Computer'}",N/A,N/A,N/A,N/A
-1105628286,1599766499518.0,search,,Any,Any,roadnav.exe,,,,1588568400,1588971600,Any,Any,Looking for anything that mentions roadnav.,Looking for a specific document or specific information,N/A,N/A
311605230,1599766500054.0,read,server_log_0005.log,Network Log,From Roadeez Software Server,uploaded RoadNav.exe road nav exe xin,Xin,,,1588626000,,"{'lat': 42.375345, 'lon': -71.146649, 'city': 'Boston', 'Country': 'USA', 'server': ""Xin's Computer""}","{'lat': 42.375345, 'lon': -71.146649, 'city': 'Boston', 'Country': 'USA', 'server': 'Roadeez Software Server'}",N/A,N/A,N/A,N/A
311605230,1599766505980.0,read,server_log_0010.log,Network Log,From Roadeez Software Server,downloaded RoadNav.exe road nav exe,Daryl,,,1588676400,,"{'lat': 42.375345, 'lon': -71.146649, 'city': 'Boston', 'Country': 'USA', 'server': 'Roadeez Software Server'}","{'lat': 42.375345, 'lon': -71.146649, 'city': 'Boston', 'Country': 'USA', 'server': ""Daryl's Computer""}",N/A,N/A,N/A,N/A
311605230,1599766511094.0,read,server_log_0015.log,Network Log,From Roadeez Software Server,uploaded RoadNav.exe road nav roadnav.exe exe daryl,Daryl,,,1588811160,,"{'lat': 37.78401, 'lon': -122.400711, 'city': 'San Francisco', 'Country': 'USA', 'server': ""Daryl's Laptop""}","{'lat': 42.375345, 'lon': -71.146649, 'city': 'Boston', 'Country': 'USA', 'server': 'Roadeez Software Server'}",N/A,N/A,N/A,N/A
1805570777,1599766513421.0,save,email_031,Any,Any,,,,,,,,,Something is up here. This email shows that Michelle sent this from San Francisco when she should be sick. ,Confirms my hypothesis,N/A,N/A
1805570777,1599766516695.0,assign,email_031,Any,Any,,,,,,,,,Something is up here. This email shows that Michelle sent this from San Francisco when she should be sick. ,Confirms my hypothesis,Guilty,Michelle
311605230,1599766517736.0,read,server_log_0010.log,Network Log,From Roadeez Software Server,downloaded RoadNav.exe road nav exe,Daryl,,,1588676400,,"{'lat': 42.375345, 'lon': -71.146649, 'city': 'Boston', 'Country': 'USA', 'server': 'Roadeez Software Server'}","{'lat': 42.375345, 'lon': -71.146649, 'city': 'Boston', 'Country': 'USA', 'server': ""Daryl's Computer""}",N/A,N/A,N/A,N/A
311605230,1599766524301.9998,read,server_log_0004.log,Network Log,From Roadeez Software Server,downloaded RoadNav.exe michelle road nav exe,Michelle,,,1588610520,,"{'lat': 42.375345, 'lon': -71.146649, 'city': 'Boston', 'Country': 'USA', 'server': 'Roadeez Software Server'}","{'lat': 42.375345, 'lon': -71.146649, 'city': 'Boston', 'Country': 'USA', 'server': 'Michelle’s Computer'}",N/A,N/A,N/A,N/A
-1105628286,1599766524396.9998,read,server_log_0001.log,Network Log,From Roadeez Software Server,downloaded RoadNav.exe daryl road nav exe,Daryl,,,1588568400,,"{'lat': 42.375345, 'lon': -71.146649, 'city': 'Boston', 'Country': 'USA', 'server': 'Roadeez Software Server'}","{'lat': 42.375345, 'lon': -71.146649, 'city': 'Boston', 'Country': 'USA', 'server': ""Daryl's Computer""}",N/A,N/A,N/A,N/A
-2110079241,1599766540766.0,read,email_006,Email,From Roadeez Email Server,job roadeez cargo rumors money venture capital afloat bankrupt jobs resume james michelle,Michelle James,Michelle,James,1588593600,,"{'lat': 42.375345, 'lon': -71.146649, 'city': 'Boston', 'Country': 'USA'}","{'lat': 37.775547, 'lon': -122.417721, 'city': 'San Francisco', 'Country': 'USA'}",N/A,N/A,N/A,N/A
-1105628286,1599766544875.0,save,server_log_0001.log,Any,Any,,,,,,,,,"Daryl downloaded the software, so he could have been the thief.",Confirms my hypothesis,N/A,N/A
-1105628286,1599766558624.9998,read,server_log_0002.log,Network Log,From Roadeez Software Server,uploaded RoadNav.exe daryl road nav exe,Daryl,,,1588579200,,"{'lat': 42.375345, 'lon': -71.146649, 'city': 'Boston', 'Country': 'USA', 'server': ""Daryl's Computer""}","{'lat': 42.375345, 'lon': -71.146649, 'city': 'Boston', 'Country': 'USA', 'server': 'Roadeez Software Server'}",N/A,N/A,N/A,N/A
-2110079241,1599766565248.9998,discover,,Any,Any,Michelle,,,,,,Any,Any,check more information about Michelle,Just exploring the data,N/A,N/A
-2110079241,1599766568317.0,read,michelle_info.html,Information,Web,michelle,Michelle,,,1588564800,,,,N/A,N/A,N/A,N/A
311605230,1599766578811.0,save,server_log_0004.log,Any,Any,,,,,,,,,"michelle is not a developer so why does she need to download the software. also everyone else downloads and then uploads the software, she never uploads it so its likely she didnt do it to make changes to it.",Not Listed,N/A,N/A
-1105628286,1599766591229.9998,save,server_log_0002.log,Any,Any,,,,,,,,,"Daryl uploaded the software, and he's a software developer, so maybe he was just doing his job?",Rejects my hypothesis,N/A,N/A
-1105628286,1599766596119.9998,read,server_log_0003.log,Network Log,From Roadeez Software Server,downloaded RoadNav.exe road nav xin exe,Xin,,,1588593600,,"{'lat': 42.375345, 'lon': -71.146649, 'city': 'Boston', 'Country': 'USA', 'server': 'Roadeez Software Server'}","{'lat': 42.375345, 'lon': -71.146649, 'city': 'Boston', 'Country': 'USA', 'server': ""Xin's Computer""}",N/A,N/A,N/A,N/A
-1105628286,1599766609515.0,save,server_log_0003.log,Any,Any,,,,,,,,,"Xin had access to the software, so she might be the thief.",Confirms my hypothesis,N/A,N/A
311605230,1599766610090.0,read,server_log_0002.log,Network Log,From Roadeez Software Server,uploaded RoadNav.exe daryl road nav exe,Daryl,,,1588579200,,"{'lat': 42.375345, 'lon': -71.146649, 'city': 'Boston', 'Country': 'USA', 'server': ""Daryl's Computer""}","{'lat': 42.375345, 'lon': -71.146649, 'city': 'Boston', 'Country': 'USA', 'server': 'Roadeez Software Server'}",N/A,N/A,N/A,N/A
311605230,1599766612859.0,read,server_log_0015.log,Network Log,From Roadeez Software Server,uploaded RoadNav.exe road nav roadnav.exe exe daryl,Daryl,,,1588811160,,"{'lat': 37.78401, 'lon': -122.400711, 'city': 'San Francisco', 'Country': 'USA', 'server': ""Daryl's Laptop""}","{'lat': 42.375345, 'lon': -71.146649, 'city': 'Boston', 'Country': 'USA', 'server': 'Roadeez Software Server'}",N/A,N/A,N/A,N/A
311605230,1599766615365.0,read,server_log_0010.log,Network Log,From Roadeez Software Server,downloaded RoadNav.exe road nav exe,Daryl,,,1588676400,,"{'lat': 42.375345, 'lon': -71.146649, 'city': 'Boston', 'Country': 'USA', 'server': 'Roadeez Software Server'}","{'lat': 42.375345, 'lon': -71.146649, 'city': 'Boston', 'Country': 'USA', 'server': ""Daryl's Computer""}",N/A,N/A,N/A,N/A
-1105628286,1599766615956.9998,read,server_log_0004.log,Network Log,From Roadeez Software Server,downloaded RoadNav.exe michelle road nav exe,Michelle,,,1588610520,,"{'lat': 42.375345, 'lon': -71.146649, 'city': 'Boston', 'Country': 'USA', 'server': 'Roadeez Software Server'}","{'lat': 42.375345, 'lon': -71.146649, 'city': 'Boston', 'Country': 'USA', 'server': 'Michelle’s Computer'}",N/A,N/A,N/A,N/A
1805570777,1599766617896.0,discover,,Any,Any,San Francisco,,,,,,Any,Any,Michelle was in San Francisco for some reason. Why? ,Looking for a specific document or specific information,N/A,N/A
1805570777,1599766621756.0,read,roadeez_info.html,Information,Web,roadeez Michelle Daryl CARGO Boston Tech Watch car self driving stanford venture capital karikampani tilapia san francisco,Michelle Anna Darly Xin Ivan,,,1588564800,,,,N/A,N/A,N/A,N/A
-1105628286,1599766628579.0,save,server_log_0004.log,Any,Any,,,,,,,,,"Michelle downloaded the software, so she might be the thief.",Confirms my hypothesis,N/A,N/A
-1105628286,1599766633767.0,read,server_log_0005.log,Network Log,From Roadeez Software Server,uploaded RoadNav.exe road nav exe xin,Xin,,,1588626000,,"{'lat': 42.375345, 'lon': -71.146649, 'city': 'Boston', 'Country': 'USA', 'server': ""Xin's Computer""}","{'lat': 42.375345, 'lon': -71.146649, 'city': 'Boston', 'Country': 'USA', 'server': 'Roadeez Software Server'}",N/A,N/A,N/A,N/A
-2110079241,1599766642504.0,save,michelle_info.html,Any,Any,,,,,,,,,Michelle has faced fund problem ,Confirms my hypothesis,N/A,N/A
-2110079241,1599766647315.0,read,roadeez_info.html,Information,Web,roadeez Michelle Daryl CARGO Boston Tech Watch car self driving stanford venture capital karikampani tilapia san francisco,Michelle Anna Darly Xin Ivan,,,1588564800,,,,N/A,N/A,N/A,N/A
311605230,1599766649298.0,discover,,Any,Michelle's Computer,roadnav,,,,,,Any,Any,maybe she deleted her uploading the software,Looking for a specific document or specific information,N/A,N/A
1805570777,1599766652801.0,discover,,Any,Any,Cargo,,,,,,Any,Any,Information on Cargo.,Looking for a specific document or specific information,N/A,N/A
1805570777,1599766654800.0,read,cargo_info.html,Information,Web,cargo self-driving self driving software investors developments AI investor,,,,1588564800,,,,N/A,N/A,N/A,N/A
-1105628286,1599766655527.0,save,server_log_0005.log,Any,Any,,,,,,,,,"Xin uploaded the software, and she's a software developer intern, so maybe she was just doing her job?",Rejects my hypothesis,N/A,N/A
1805570777,1599766664937.0,read,roadeez_info.html,Information,Web,roadeez Michelle Daryl CARGO Boston Tech Watch car self driving stanford venture capital karikampani tilapia san francisco,Michelle Anna Darly Xin Ivan,,,1588564800,,,,N/A,N/A,N/A,N/A
-1105628286,1599766665737.0,read,server_log_0015.log,Network Log,From Roadeez Software Server,uploaded RoadNav.exe road nav roadnav.exe exe daryl,Daryl,,,1588811160,,"{'lat': 37.78401, 'lon': -122.400711, 'city': 'San Francisco', 'Country': 'USA', 'server': ""Daryl's Laptop""}","{'lat': 42.375345, 'lon': -71.146649, 'city': 'Boston', 'Country': 'USA', 'server': 'Roadeez Software Server'}",N/A,N/A,N/A,N/A
-1105628286,1599766672100.0,read,server_log_0010.log,Network Log,From Roadeez Software Server,downloaded RoadNav.exe road nav exe,Daryl,,,1588676400,,"{'lat': 42.375345, 'lon': -71.146649, 'city': 'Boston', 'Country': 'USA', 'server': 'Roadeez Software Server'}","{'lat': 42.375345, 'lon': -71.146649, 'city': 'Boston', 'Country': 'USA', 'server': ""Daryl's Computer""}",N/A,N/A,N/A,N/A
-2110079241,1599766676993.0002,save,roadeez_info.html,Any,Any,,,,,,,,, company failed to raise the venture capital it needs,Confirms my hypothesis,N/A,N/A
311605230,1599766679246.0002,discover,,Any,Roadeez Software Server,roadnav,,,,,,Any,Any,maybe someone deleted records of it being uploaded or downloaded,Looking for a specific document or specific information,N/A,N/A
-1105628286,1599766685286.9998,save,server_log_0010.log,Any,Any,,,,,,,,,Daryl downloaded the software again? Is this suspicious?,Confirms my hypothesis,N/A,N/A
1805570777,1599766695889.0,save,roadeez_info.html,Any,Any,,,,,,,,,Indicates that Cargo is in San Francisco. Could Michelle be meeting with Cargo? ,Confirms my hypothesis,N/A,N/A
1805570777,1599766698875.0,assign,roadeez_info.html,Any,Any,,,,,,,,,Indicates that Cargo is in San Francisco. Could Michelle be meeting with Cargo? ,Confirms my hypothesis,Guilty,Michelle
311605230,1599766704725.0,discover,,Any,Any,michelle,,,,,,Any,Any,"i want to know more about michelle
",Just exploring the data,N/A,N/A
-2110079241,1599766705311.0,discover,,Any,Roadeez Software Server,road,,,,,,Any,Any,check if anything has been deleted ,Just exploring the data,N/A,N/A
311605230,1599766707925.9998,read,roadeez_info.html,Information,Web,roadeez Michelle Daryl CARGO Boston Tech Watch car self driving stanford venture capital karikampani tilapia san francisco,Michelle Anna Darly Xin Ivan,,,1588564800,,,,N/A,N/A,N/A,N/A
-1105628286,1599766720628.0,search,,Any,Roadeez Software Server,downloaded,Michelle,,,1588568400,1588971600,Any,Any,"I want to see if ""uploaded"" and ""downloaded"" are valid keywords.",Testing the search tool,N/A,N/A
1805570777,1599766724140.0,discover,,Any,Roadeez Email Server,San Francisco,,,,,,Any,Any,Any mention of San Francisco in a deleted email. ,Testing the search tool,N/A,N/A
1805570777,1599766729325.0,read,email_019,Email,From Roadeez Email Server,tickets san francisco .com source cheap plane,Tickets.com Michelle,Ticjets.com,Michelle,1588612440,,"{'lat': 32.924546, 'lon': -96.816523, 'city': 'Dallas', 'Country': 'USA'}","{'lat': 37.775547, 'lon': -122.417721, 'city': 'San Francisco', 'Country': 'USA'}",N/A,N/A,N/A,N/A
311605230,1599766729921.0,read,michelle_info.html,Information,Web,michelle,Michelle,,,1588564800,,,,N/A,N/A,N/A,N/A
-2110079241,1599766738498.0,discover,,Any,Roadeez Software Server,exe,,,,,,Any,Any,check software log?,Just exploring the data,N/A,N/A
-1105628286,1599766747593.0,search,,Any,Roadeez Software Server,uploaded,Michelle,,,1588568400,1588971600,Any,Any,I want to see if Michelle ever uploaded the software after downloading it.,Looking for a specific document or specific information,N/A,N/A
1805570777,1599766756152.0,save,email_019,Any,Any,,,,,,,,,Michelle didn't want anyone to know she had bought tickets to San Francisco. ,Confirms my hypothesis,N/A,N/A
1805570777,1599766757862.0,assign,email_019,Any,Any,,,,,,,,,Michelle didn't want anyone to know she had bought tickets to San Francisco. ,Confirms my hypothesis,Guilty,Michelle
-1105628286,1599766762349.9998,save,,Any,Roadeez Software Server,uploaded,Michelle,,,1588568400,1588971600,Any,Any,"Michelle never uploaded the software, so why did she download it?",Confirms my hypothesis,N/A,N/A
-2110079241,1599766766191.9998,search,,Network Log,Any,,Michelle,,,1588568400,1588971600,Any,Any,Michelle is now the suspect,Just exploring the data,N/A,N/A
-2110079241,1599766767509.9998,read,server_log_0004.log,Network Log,From Roadeez Software Server,downloaded RoadNav.exe michelle road nav exe,Michelle,,,1588610520,,"{'lat': 42.375345, 'lon': -71.146649, 'city': 'Boston', 'Country': 'USA', 'server': 'Roadeez Software Server'}","{'lat': 42.375345, 'lon': -71.146649, 'city': 'Boston', 'Country': 'USA', 'server': 'Michelle’s Computer'}",N/A,N/A,N/A,N/A
1805570777,1599766782649.0,discover,,Any,Michelle's Computer,San Francisco,,,,,,Any,Any,Any deleted emails on Michelle's computer? ,Looking for a specific document or specific information,N/A,N/A
-2110079241,1599766785633.9998,save,server_log_0004.log,Any,Any,,,,,,,,,Michelle did download the software,Confirms my hypothesis,N/A,N/A
-1105628286,1599766794937.0,search,,Calendar Entry,Anna's Computer,Michelle,,,,1588568400,1588971600,Any,Any,I want to see Michelle's schedule.,Looking for a specific document or specific information,N/A,N/A
311605230,1599766795047.0,search,,Any,Any,,,,,1588568400,1588971600,Any,Any,I want to look at the whole timeline,Just exploring the data,N/A,N/A
-1105628286,1599766801363.0,read,calendar_67600,Calendar Entry,Anna's Computer,Michelle out sick,Michelle,,,1588680000,,"{'lat': 42.375345, 'lon': -71.146649, 'city': 'Boston', 'Country': 'USA'}","{'lat': 42.375345, 'lon': -71.146649, 'city': 'Boston', 'Country': 'USA'}",N/A,N/A,N/A,N/A
311605230,1599766801830.0,read,email_038,Email,From Roadeez Email Server,trade show debriefing meeting cool ideas software better everyone person,Daryl Ivan Michelle Xin Anna,Daryl,Ivan,1588896000,,"{'lat': 37.78401, 'lon': -122.400711, 'city': 'San Francisco', 'Country': 'USA'}","{'lat': 42.375345, 'lon': -71.146649, 'city': 'Boston', 'Country': 'USA'}",N/A,N/A,N/A,N/A
-2110079241,1599766806750.0,assign,email_006,Any,Any,,,,,,,,,"Michelle is finding a job, which is weird for a ceo",I'm saving this search to come back to later.,Guilty,Michelle
-1105628286,1599766808363.0,read,calendar_90002,Calendar Entry,Anna's Computer,Michelle small business monthly sick interview SMM,Michelle,,,1588705200,,"{'lat': 42.375345, 'lon': -71.146649, 'city': 'Boston', 'Country': 'USA'}","{'lat': 42.375345, 'lon': -71.146649, 'city': 'Boston', 'Country': 'USA'}",N/A,N/A,N/A,N/A
-2110079241,1599766810275.9998,assign,michelle_info.html,Any,Any,,,,,,,,,Michelle has faced fund problem ,Confirms my hypothesis,Guilty,Anna
-2110079241,1599766812473.9998,assign,michelle_info.html,Any,Any,,,,,,,,,Michelle has faced fund problem ,Confirms my hypothesis,Guilty,Michelle
311605230,1599766815098.0,read,calendar_88004,Calendar Entry,Anna's Computer,Daryl Xin standup scrum software meeting,Daryl Xin,,,1588942800,,"{'lat': 42.375345, 'lon': -71.146649, 'city': 'Boston', 'Country': 'USA'}","{'lat': 42.375345, 'lon': -71.146649, 'city': 'Boston', 'Country': 'USA'}",N/A,N/A,N/A,N/A
1805570777,1599766818531.0,discover,,Any,Michelle's Computer,Cargo,,,,,,Any,Any,I think Michelle met with Cargo in San Francisco. Did she send en email about it? ,Looking for a specific document or specific information,N/A,N/A
-2110079241,1599766819223.0,assign,roadeez_info.html,Any,Any,,,,,,,,, company failed to raise the venture capital it needs,Confirms my hypothesis,Guilty,Michelle
1805570777,1599766820704.0,read,email_006,Email,From Michelle's Computer,job roadeez cargo rumors money venture capital afloat bankrupt jobs resume james michelle,Michelle James,Michelle,James,1588593600,,"{'lat': 42.375345, 'lon': -71.146649, 'city': 'Boston', 'Country': 'USA'}","{'lat': 37.775547, 'lon': -122.417721, 'city': 'San Francisco', 'Country': 'USA'}",N/A,N/A,N/A,N/A
-2110079241,1599766822054.9998,assign,server_log_0004.log,Any,Any,,,,,,,,,Michelle did download the software,Confirms my hypothesis,Guilty,Michelle
311605230,1599766823300.0,read,calendar_90001,Calendar Entry,Anna's Computer,RoadBloc meeting company roadbloc road bloc trade convention,Michelle Daryl Xin Ivan Anna,,,1588950000,,"{'lat': 42.375345, 'lon': -71.146649, 'city': 'Boston', 'Country': 'USA'}","{'lat': 42.375345, 'lon': -71.146649, 'city': 'Boston', 'Country': 'USA'}",N/A,N/A,N/A,N/A
-2110079241,1599766825094.0,assign,email_017,Any,Any,,,,,,,,,James asked Michelle to do the crime,Confirms my hypothesis,Guilty,Michelle
-1105628286,1599766831104.0,search,,Calendar Entry,Anna's Computer,Daryl,,,,1588568400,1588971600,Any,Any,I want to see Daryl's calendar.,Looking for a specific document or specific information,N/A,N/A
311605230,1599766833982.0002,read,calendar_67800,Calendar Entry,Anna's Computer,trade show debrief Daryl Xin,Daryl Xin Michelle Anna Ivan,,,1588964400,,"{'lat': 42.375345, 'lon': -71.146649, 'city': 'Boston', 'Country': 'USA'}","{'lat': 42.375345, 'lon': -71.146649, 'city': 'Boston', 'Country': 'USA'}",N/A,N/A,N/A,N/A
-1105628286,1599766838752.0,read,calendar_67601,Calendar Entry,Anna's Computer,Daryl trade show RoadBlock Road Bloc attending San Francisco Tuesday Thursday,Daryl,,,1588680000,,"{'lat': 42.375345, 'lon': -71.146649, 'city': 'Boston', 'Country': 'USA'}","{'lat': 37.78401, 'lon': -122.400711, 'city': 'San Francisco', 'Country': 'USA'}",N/A,N/A,N/A,N/A
311605230,1599766841304.0,read,calendar_90001,Calendar Entry,Anna's Computer,RoadBloc meeting company roadbloc road bloc trade convention,Michelle Daryl Xin Ivan Anna,,,1588950000,,"{'lat': 42.375345, 'lon': -71.146649, 'city': 'Boston', 'Country': 'USA'}","{'lat': 42.375345, 'lon': -71.146649, 'city': 'Boston', 'Country': 'USA'}",N/A,N/A,N/A,N/A
311605230,1599766847535.9998,read,calendar_90005,Calendar Entry,Anna's Computer,Ivan Grrooming pet work leave leaving,Ivan,,,1588969800,,"{'lat': 42.375345, 'lon': -71.146649, 'city': 'Boston', 'Country': 'USA'}","{'lat': 42.3482181, 'lon': -71.0823301, 'city': 'Boston', 'Country': 'USA'}",N/A,N/A,N/A,N/A
-1105628286,1599766849802.0002,read,calendar_88001,Calendar Entry,Anna's Computer,Daryl Xin standup scrum software meeting,Daryl Xin,,,1588683600,,"{'lat': 42.375345, 'lon': -71.146649, 'city': 'Boston', 'Country': 'USA'}","{'lat': 42.375345, 'lon': -71.146649, 'city': 'Boston', 'Country': 'USA'}",N/A,N/A,N/A,N/A
1805570777,1599766850017.0002,save,email_006,Any,Any,,,,,,,,,Michelle set up a meeting in San Francisco to deliver the stolen software. ,Confirms my hypothesis,N/A,N/A
1805570777,1599766852121.9998,assign,email_006,Any,Any,,,,,,,,,Michelle set up a meeting in San Francisco to deliver the stolen software. ,Confirms my hypothesis,Guilty,Michelle
-2110079241,1599766855153.9998,assign,xin_interview.pdf,Any,Any,,,,,,,,,Xin might fix bugs sometimes,I'm saving this search to come back to later.,Innocent,Xin
-1105628286,1599766855183.9998,read,calendar_89006,Calendar Entry,Anna's Computer,Daryl california pizza Karikampani launch product party,Daryl,,,1588813200,,"{'lat': 37.7863215, 'lon': -122.402286, 'city': 'San Francisco', 'Country': 'USA'}","{'lat': 37.7863215, 'lon': -122.402286, 'city': 'San Francisco', 'Country': 'USA'}",N/A,N/A,N/A,N/A
311605230,1599766857185.0,read,email_038,Email,Ivan's Computer,trade show debriefing meeting cool ideas software better everyone person,Daryl Ivan Michelle Xin Anna,Daryl,Ivan,1588896000,,"{'lat': 37.78401, 'lon': -122.400711, 'city': 'San Francisco', 'Country': 'USA'}","{'lat': 42.375345, 'lon': -71.146649, 'city': 'Boston', 'Country': 'USA'}",N/A,N/A,N/A,N/A
311605230,1599766862739.0,read,email_038,Email,From Roadeez Email Server,trade show debriefing meeting cool ideas software better everyone person,Daryl Ivan Michelle Xin Anna,Daryl,Anna,1588896000,,"{'lat': 37.78401, 'lon': -122.400711, 'city': 'San Francisco', 'Country': 'USA'}","{'lat': 42.375345, 'lon': -71.146649, 'city': 'Boston', 'Country': 'USA'}",N/A,N/A,N/A,N/A
-2110079241,1599766865008.0002,assign,server_log_0003.log,Any,Any,,,,,,,,,Xin downloaded on May4th,I'm saving this search to come back to later.,Innocent,Xin
311605230,1599766867793.0,read,email_031,Email,Xin's Computer,checking in sorry written while trade show wild san francisco beautiful there work xin zhao,Zhao Xin,Xin,Zhao,1588856700,,"{'lat': 42.375345, 'lon': -71.146649, 'city': 'Boston', 'Country': 'USA'}","{'lat': -0.1757809742, 'lon': -160.224609375, 'city': 'Kari', 'Country': 'Tilapia'}",N/A,N/A,N/A,N/A
-2110079241,1599766870670.0,assign,server_log_0005.log,Any,Any,,,,,,,,,Xin uploaded the software too,Rejects my hypothesis,Innocent,Xin
311605230,1599766874964.0,read,email_035,Email,Ivan's Computer,remote access software server thanks sorry short inspiration strikes ignore call daryl ivan,Daryl Ivan,Daryl,Ivan,1588810500,,"{'lat': 37.78401, 'lon': -122.400711, 'city': 'San Francisco', 'Country': 'USA'}","{'lat': 42.375345, 'lon': -71.146649, 'city': 'Boston', 'Country': 'USA'}",N/A,N/A,N/A,N/A
311605230,1599766878964.0,read,email_033,Email,Ivan's Computer,remote access software server trade show update inspired daryl ivan,Daryl Ivan,Daryl,Ivan,1588809600,,"{'lat': 37.78401, 'lon': -122.400711, 'city': 'San Francisco', 'Country': 'USA'}","{'lat': 42.375345, 'lon': -71.146649, 'city': 'Boston', 'Country': 'USA'}",N/A,N/A,N/A,N/A
-1105628286,1599766880591.0,save,calendar_89006,Any,Any,,,,,,,,,Could Daryl be working with Karikampani to steal the software?,Confirms my hypothesis,N/A,N/A
-1105628286,1599766889436.0,read,calendar_90004,Calendar Entry,Anna's Computer,Daryl Ivan Anna Randy software engineer interview,Daryl Ivan Anna,,,1588860000,,"{'lat': 42.375345, 'lon': -71.146649, 'city': 'Boston', 'Country': 'USA'}","{'lat': 42.375345, 'lon': -71.146649, 'city': 'Boston', 'Country': 'USA'}",N/A,N/A,N/A,N/A
-1105628286,1599766906850.9998,read,calendar_89006,Calendar Entry,Anna's Computer,Daryl california pizza Karikampani launch product party,Daryl,,,1588813200,,"{'lat': 37.7863215, 'lon': -122.402286, 'city': 'San Francisco', 'Country': 'USA'}","{'lat': 37.7863215, 'lon': -122.402286, 'city': 'San Francisco', 'Country': 'USA'}",N/A,N/A,N/A,N/A
-2110079241,1599766915936.9998,discover,,Any,Roadeez Software Server,Michelle,,,,,,Any,Any,checking another time for deleted files on software,Looking for a specific document or specific information,N/A,N/A
311605230,1599766918149.0,save,email_033,Any,Any,,,,,,,,,asking for remote access is suspicious,I'm saving this search to come back to later.,N/A,N/A
-1105628286,1599766924607.0,search,,Any,Any,Karikampani,,,,1588568400,1588971600,Any,Any,I want to learn more about Karikampani,Looking for a specific document or specific information,N/A,N/A
311605230,1599766929292.0,read,email_035,Email,From Roadeez Email Server,remote access software server thanks sorry short inspiration strikes ignore call daryl ivan,Daryl Ivan,Daryl,Ivan,1588810500,,"{'lat': 37.78401, 'lon': -122.400711, 'city': 'San Francisco', 'Country': 'USA'}","{'lat': 42.375345, 'lon': -71.146649, 'city': 'Boston', 'Country': 'USA'}",N/A,N/A,N/A,N/A
311605230,1599766932476.0,read,email_034,Email,Ivan's Computer,remote access software server granted head up future expect always watching email whim daryl ivan,Daryl Ivan,Ivan,Daryl,1588810260,,"{'lat': 42.375345, 'lon': -71.146649, 'city': 'Boston', 'Country': 'USA'}","{'lat': 37.78401, 'lon': -122.400711, 'city': 'San Francisco', 'Country': 'USA'}",N/A,N/A,N/A,N/A
-1105628286,1599766938051.9998,discover,,Any,Any,Karikampani,,,,,,Any,Any,I want to learn about Karikampani,Looking for a specific document or specific information,N/A,N/A
-1105628286,1599766944322.0,read,karikampani_info.html,Information,Web,karikampani kari kampani tilapia hiring senior junior software engineer engineers mechanical self self-driving visas citizens visa,,,,1588564800,,,,N/A,N/A,N/A,N/A
311605230,1599766956951.0,read,server_log_0015.log,Network Log,From Roadeez Software Server,uploaded RoadNav.exe road nav roadnav.exe exe daryl,Daryl,,,1588811160,,"{'lat': 37.78401, 'lon': -122.400711, 'city': 'San Francisco', 'Country': 'USA', 'server': ""Daryl's Laptop""}","{'lat': 42.375345, 'lon': -71.146649, 'city': 'Boston', 'Country': 'USA', 'server': 'Roadeez Software Server'}",N/A,N/A,N/A,N/A
-1105628286,1599766968617.9998,save,karikampani_info.html,Any,Any,,,,,,,,,Karikampani is hiring. Did they steal the software?,Confirms my hypothesis,N/A,N/A
311605230,1599766979496.0,save,server_log_0015.log,Any,Any,,,,,,,,,may mean that daryl is not suspicious,Rejects my hypothesis,N/A,N/A
-1105628286,1599766990876.0,search,,Any,Any,Tilapia,,,,1588568400,1588971600,Any,Any,I want to see who is a Tilapian citizen.,Looking for a specific document or specific information,N/A,N/A
-1105628286,1599767011135.0,read,roadeez_info.html,Information,Web,roadeez Michelle Daryl CARGO Boston Tech Watch car self driving stanford venture capital karikampani tilapia san francisco,Michelle Anna Darly Xin Ivan,,,1588564800,,,,N/A,N/A,N/A,N/A
311605230,1599767016646.0,read,email_003,Email,Michelle's Computer,prince nigeria bank recently deposed desparately help moving riches international bank rewarded assistance michelle,Michelle,Bakare,Michelle,1588578360,,"{'lat': 9.051477, 'lon': 7.897507, 'city': 'Gitata', 'Country': 'Nigeria'}","{'lat': 42.375345, 'lon': -71.146649, 'city': 'Boston', 'Country': 'USA'}",N/A,N/A,N/A,N/A
311605230,1599767020084.0,read,email_007,Email,From Roadeez Email Server,Anna Ivan testing email account reply,Anna Ivan,Ivan,Anna,1588593600,,"{'lat': 42.362755, 'lon': -71.064616, 'city': 'Boston', 'Country': 'USA'}","{'lat': 42.375345, 'lon': -71.146649, 'city': 'Boston', 'Country': 'USA'}",N/A,N/A,N/A,N/A
311605230,1599767024069.0,read,email_005,Email,Xin's Computer,quarterly report little under projectiosn confident catch up tighten belts make ends work everyone,Michelle Daryl Ivan Anna Xin,Michelle,Xin,1588586400,,"{'lat': 42.375345, 'lon': -71.146649, 'city': 'Boston', 'Country': 'USA'}","{'lat': 42.375345, 'lon': -71.146649, 'city': 'Boston', 'Country': 'USA'}",N/A,N/A,N/A,N/A
311605230,1599767034358.0,read,email_011,Email,Ivan's Computer,uplyft lift bedroom help worries go away ivan,Ivan,Uplyft,Ivan,1588598580,,"{'lat': 37.126884, 'lon': -78.471705, 'city': 'Prince Edward', 'Country': 'USA'}","{'lat': 42.375345, 'lon': -71.146649, 'city': 'Boston', 'Country': 'USA'}",N/A,N/A,N/A,N/A
-1105628286,1599767035279.0,search,,Any,Any,Tilapian,,,,1588568400,1588971600,Any,Any,Did I use the wrong keyword?,Refining or repeating a previous query,N/A,N/A
311605230,1599767043058.9998,read,email_027,Email,From Roadeez Email Server,lunch town together week seen have totally anna jenny,Anna,Jennifer,Anna,1588710060,,"{'lat': 42.402705, 'lon': -71.019143, 'city': 'Boston', 'Country': 'USA'}","{'lat': 42.375345, 'lon': -71.146649, 'city': 'Boston', 'Country': 'USA'}",N/A,N/A,N/A,N/A
311605230,1599767050653.0,read,email_028,Email,Anna's Computer,lunch town together tomorrow long anna jenny,Anna,Anna,Jennifer,1588711440,,"{'lat': 42.375345, 'lon': -71.146649, 'city': 'Boston', 'Country': 'USA'}","{'lat': 42.402705, 'lon': -71.019143, 'city': 'Boston', 'Country': 'USA'}",N/A,N/A,N/A,N/A
311605230,1599767053697.0,read,email_028,Email,Anna's Computer,lunch town together date anna jenny,Anna,Jennifer,Anna,1588712100,,"{'lat': 42.402705, 'lon': -71.019143, 'city': 'Boston', 'Country': 'USA'}","{'lat': 42.375345, 'lon': -71.146649, 'city': 'Boston', 'Country': 'USA'}",N/A,N/A,N/A,N/A
-1105628286,1599767054612.0,search,,Any,Any,tilapia,,,,1588568400,1588971600,Any,Any,Trying again,Refining or repeating a previous query,N/A,N/A
-1105628286,1599767078480.0,search,,Any,Any,police,,,,1588568400,1588971600,Any,Any,Maybe I can find citizenship information in the police reports.,Refining or repeating a previous query,N/A,N/A
311605230,1599767079524.9998,discover,,Any,Any,xin,,,,,,Any,Any,"need more info on xin
",Just exploring the data,N/A,N/A
311605230,1599767082839.0,read,xin_info.html,Information,Web,xin,Xin,,,1588564800,,,,N/A,N/A,N/A,N/A
-1105628286,1599767083216.0,read,michelle_interview.pdf,Information,Web,michelle interview ceo venture capital police master e-mail server,Michelle,,,1588564800,,,,N/A,N/A,N/A,N/A
-1105628286,1599767089859.9998,read,daryl_interview.pdf,Information,Web,daryl interview RoadNav.exe Road Nav police lead developer software server police Roadeez updates,Daryl,,,1588564800,,,,N/A,N/A,N/A,N/A
-1105628286,1599767097159.0,read,daryl_interview.pdf,Information,Web,daryl interview RoadNav.exe Road Nav police lead developer software server police Roadeez updates,Daryl,,,1588564800,,,,N/A,N/A,N/A,N/A
-1105628286,1599767109042.0,save,daryl_interview.pdf,Any,Any,,,,,,,,,Daryl is a US citizen.,Rejects my hypothesis,N/A,N/A
-1105628286,1599767111748.0002,read,ivan_interview.pdf,Information,Web,ivan interview sys police admin beep boop system administrator software server network logs,Ivan,,,1588564800,,,,N/A,N/A,N/A,N/A
311605230,1599767131049.0,discover,,Any,Roadeez Software Server,roadnav,,,,,,Any,Any,looking for downloaded files,Just exploring the data,N/A,N/A
-1105628286,1599767134571.0,save,ivan_interview.pdf,Any,Any,,,,,,,,,"Ivan is a US citizen, but he does not like the US government.",Confirms my hypothesis,N/A,N/A
-1105628286,1599767140747.9998,read,xin_interview.pdf,Information,Web,xin interview RoadNav.exe Road Nav police developer intern software server Roadeez intern software,Xin,,,1588564800,,,,N/A,N/A,N/A,N/A
-1105628286,1599767154719.0,save,xin_interview.pdf,Any,Any,,,,,,,,,Xin is a Tilapian citizen.,Confirms my hypothesis,N/A,N/A
-1105628286,1599767160139.0,read,anna_interview.pdf,Information,Web,anna interview police administrative assistant calendar plane tickets,Anna,,,1588564800,,,,N/A,N/A,N/A,N/A
311605230,1599767170187.0,discover,,Any,Michelle's Computer,cargo,,,,,,Any,Any,did michelle email cargo,Looking for a specific document or specific information,N/A,N/A
311605230,1599767174104.0,read,email_006,Email,From Michelle's Computer,job roadeez cargo rumors money venture capital afloat bankrupt jobs resume james michelle,Michelle James,Michelle,James,1588593600,,"{'lat': 42.375345, 'lon': -71.146649, 'city': 'Boston', 'Country': 'USA'}","{'lat': 37.775547, 'lon': -122.417721, 'city': 'San Francisco', 'Country': 'USA'}",N/A,N/A,N/A,N/A
311605230,1599767186696.0,read,email_017,Email,From Michelle's Computer,re job roadeez cargo algorithm sorry management qualified incredible proprietary guarantee interview james michelle,Michelle James,James,Michelle,1588609020,,"{'lat': 37.775547, 'lon': -122.417721, 'city': 'San Francisco', 'Country': 'USA'}","{'lat': 42.375345, 'lon': -71.146649, 'city': 'Boston', 'Country': 'USA'}",N/A,N/A,N/A,N/A
-1105628286,1599767191843.0,search,,Any,Ivan's Computer,roadnav,Ivan,,,1588568400,1588971600,Any,Any,Did Ivan ever download roadnav?,Looking for a specific document or specific information,N/A,N/A
-1105628286,1599767200773.0,save,,Any,Ivan's Computer,roadnav,Ivan,,,1588568400,1588971600,Any,Any,Ivan never downloaded the software.,Confirms my hypothesis,N/A,N/A
311605230,1599767219684.0,save,email_017,Any,Any,,,,,,,,,Michelle did the crime!,Confirms my hypothesis,N/A,N/A
-1105628286,1599767221785.0,discover,,Any,Ivan's Computer,Tilapia,,,,,,Any,Any,I want to see if Ivan interacted with the government of Tilapia.,Looking for a specific document or specific information,N/A,N/A
311605230,1599767224136.0,assign,email_033,Any,Any,,,,,,,,,asking for remote access is suspicious,I'm saving this search to come back to later.,Guilty,Daryl
311605230,1599767225999.0,assign,server_log_0015.log,Any,Any,,,,,,,,,may mean that daryl is not suspicious,Rejects my hypothesis,Innocent,Daryl
311605230,1599767229754.9998,assign,email_017,Any,Any,,,,,,,,,Michelle did the crime!,Confirms my hypothesis,Guilty,Michelle
311605230,1599767234310.0,assign,server_log_0004.log,Any,Any,,,,,,,,,"michelle is not a developer so why does she need to download the software. also everyone else downloads and then uploads the software, she never uploads it so its likely she didnt do it to make changes to it.",Not Listed,Guilty,Michelle
-1105628286,1599767236183.9998,save,,Any,Ivan's Computer,Tilapia,,,,,,Any,Any,Ivan did not interact with Tilapia.,Rejects my hypothesis,N/A,N/A
-1105628286,1599767253135.0,discover,,Any,Xin's Computer,Tilapia,,,,,,Any,Any,Did Xin interact with Tilapia?,Looking for a specific document or specific information,N/A,N/A
-1105628286,1599767269530.0,save,,Any,Xin's Computer,Tilapia,,,,,,Any,Any,Xin did not interact with Tilapia.,Rejects my hypothesis,N/A,N/A
-1105628286,1599767298896.0,discover,,Any,Michelle's Computer,Tilapia,,,,,,Any,Any,Did Michelle interact with Tilapia?,Looking for a specific document or specific information,N/A,N/A
-1105628286,1599767310034.9998,save,,Any,Michelle's Computer,Tilapia,,,,,,Any,Any,Michelle did not interact with Tilapia.,Rejects my hypothesis,N/A,N/A
-1105628286,1599767374792.0,discover,,Any,Any,roadnav,,,,,,Any,Any,I need more information on roadnav.,Just exploring the data,N/A,N/A
-1105628286,1599767391728.9998,discover,,Any,Any,Roadbloc,,,,,,Any,Any,What is RoadBloc?,Just exploring the data,N/A,N/A
-1105628286,1599767394096.0,read,tradeshow_info.html,Information,Web,roadbloc road bloc self-driving self driving san francisco convention center developers tradeshow trade show cargo,,,,1588564800,,,,N/A,N/A,N/A,N/A
-1105628286,1599767417964.0,discover,,Any,Any,Cargo,,,,,,Any,Any,What is CARGO?,Just exploring the data,N/A,N/A
-1105628286,1599767424791.0,read,cargo_info.html,Information,Web,cargo self-driving self driving software investors developments AI investor,,,,1588564800,,,,N/A,N/A,N/A,N/A
-1105628286,1599767444801.0,save,cargo_info.html,Any,Any,,,,,,,,,Cargo might have stolen the software.,Confirms my hypothesis,N/A,N/A
-1105628286,1599767462303.0,discover,,Any,Daryl's Computer,Cargo,,,,,,Any,Any,Did Daryl interact with Cargo?,Looking for a specific document or specific information,N/A,N/A
-1105628286,1599767471800.0,save,,Any,Daryl's Computer,Cargo,,,,,,Any,Any,Daryl did not interact with Cargo.,Rejects my hypothesis,N/A,N/A
-1105628286,1599767486857.0,discover,,Any,Michelle's Computer,Cargo,,,,,,Any,Any,Did Michelle interact with Cargo?,Looking for a specific document or specific information,N/A,N/A
-1105628286,1599767491772.0,read,email_006,Email,From Michelle's Computer,job roadeez cargo rumors money venture capital afloat bankrupt jobs resume james michelle,Michelle James,Michelle,James,1588593600,,"{'lat': 42.375345, 'lon': -71.146649, 'city': 'Boston', 'Country': 'USA'}","{'lat': 37.775547, 'lon': -122.417721, 'city': 'San Francisco', 'Country': 'USA'}",N/A,N/A,N/A,N/A
-1105628286,1599767503204.9998,save,email_006,Any,Any,,,,,,,,,Michelle is going bankrupt.,Confirms my hypothesis,N/A,N/A
-1105628286,1599767506269.0,read,email_017,Email,From Michelle's Computer,re job roadeez cargo algorithm sorry management qualified incredible proprietary guarantee interview james michelle,Michelle James,James,Michelle,1588609020,,"{'lat': 37.775547, 'lon': -122.417721, 'city': 'San Francisco', 'Country': 'USA'}","{'lat': 42.375345, 'lon': -71.146649, 'city': 'Boston', 'Country': 'USA'}",N/A,N/A,N/A,N/A
-1105628286,1599767530121.0,save,email_017,Any,Any,,,,,,,,,Michelle traded the software for a job at Cargo.,Confirms my hypothesis,N/A,N/A
-1105628286,1599767542481.0,assign,server_log_0001.log,Any,Any,,,,,,,,,"Daryl downloaded the software, so he could have been the thief.",Confirms my hypothesis,Guilty,Daryl
-1105628286,1599767546516.0,assign,server_log_0002.log,Any,Any,,,,,,,,,"Daryl uploaded the software, and he's a software developer, so maybe he was just doing his job?",Rejects my hypothesis,Innocent,Daryl
-1105628286,1599767552116.0,assign,server_log_0003.log,Any,Any,,,,,,,,,"Xin had access to the software, so she might be the thief.",Confirms my hypothesis,Guilty,Xin
-1105628286,1599767559923.0,assign,server_log_0004.log,Any,Any,,,,,,,,,"Michelle downloaded the software, so she might be the thief.",Confirms my hypothesis,Guilty,Michelle
-1105628286,1599767565145.0,assign,server_log_0005.log,Any,Any,,,,,,,,,"Xin uploaded the software, and she's a software developer intern, so maybe she was just doing her job?",Rejects my hypothesis,Innocent,Xin
-1105628286,1599767569775.0,assign,server_log_0010.log,Any,Any,,,,,,,,,Daryl downloaded the software again? Is this suspicious?,Confirms my hypothesis,Guilty,Daryl
-1105628286,1599767574441.0,assign,,Any,Roadeez Software Server,uploaded,Michelle,,,1588568400,1588971600,Any,Any,"Michelle never uploaded the software, so why did she download it?",Confirms my hypothesis,Guilty,Michelle
-1105628286,1599767582908.0,assign,calendar_89006,Any,Any,,,,,,,,,Could Daryl be working with Karikampani to steal the software?,Confirms my hypothesis,Guilty,Daryl
-1105628286,1599767589369.9998,assign,karikampani_info.html,Any,Any,,,,,,,,,Karikampani is hiring. Did they steal the software?,Confirms my hypothesis,N/A,None
-1105628286,1599767594733.0,assign,karikampani_info.html,Any,Any,,,,,,,,,Karikampani is hiring. Did they steal the software?,Confirms my hypothesis,Guilty,Daryl
-1105628286,1599767601030.0,assign,,Any,Any,,,,,,,,,,,Guilty,Xin
-1105628286,1599767610427.0,assign,daryl_interview.pdf,Any,Any,,,,,,,,,Daryl is a US citizen.,Rejects my hypothesis,Innocent,Daryl
-1105628286,1599767625745.9998,assign,ivan_interview.pdf,Any,Any,,,,,,,,,"Ivan is a US citizen, but he does not like the US government.",Confirms my hypothesis,Guilty,Ivan
-1105628286,1599767634062.9998,assign,xin_interview.pdf,Any,Any,,,,,,,,,Xin is a Tilapian citizen.,Confirms my hypothesis,Guilty,Xin
-1105628286,1599767644789.0,assign,,Any,Ivan's Computer,roadnav,Ivan,,,1588568400,1588971600,Any,Any,Ivan never downloaded the software.,Confirms my hypothesis,Innocent,Ivan
-1105628286,1599767650170.0,assign,,Any,Ivan's Computer,Tilapia,,,,,,Any,Any,Ivan did not interact with Tilapia.,Rejects my hypothesis,Innocent,Ivan
-1105628286,1599767657980.0,assign,,Any,Xin's Computer,Tilapia,,,,,,Any,Any,Xin did not interact with Tilapia.,Rejects my hypothesis,Innocent,Xin
-1105628286,1599767663067.0,assign,,Any,Michelle's Computer,Tilapia,,,,,,Any,Any,Michelle did not interact with Tilapia.,Rejects my hypothesis,Innocent,Michelle
-1105628286,1599767670077.0,assign,cargo_info.html,Any,Any,,,,,,,,,Cargo might have stolen the software.,Confirms my hypothesis,Guilty,Michelle
-1105628286,1599767677387.0,assign,,Any,Daryl's Computer,Cargo,,,,,,Any,Any,Daryl did not interact with Cargo.,Rejects my hypothesis,Innocent,Daryl
-1105628286,1599767682622.0,assign,email_006,Any,Any,,,,,,,,,Michelle is going bankrupt.,Confirms my hypothesis,Guilty,Michelle
-1105628286,1599767686264.9998,assign,email_017,Any,Any,,,,,,,,,Michelle traded the software for a job at Cargo.,Confirms my hypothesis,Guilty,Michelle
